"text","favorited","favoriteCount","replyToSN","created","truncated","replyToSID","id","replyToUID","statusSource","screenName","retweetCount","isRetweet","retweeted","longitude","latitude"
"섭스때 많은 분들이 지적한 것처럼 유메쿠로가 남캐판 프리코네같단 말에 적극동의하는데 대체 왜 이 방식을 채택한건지 모르겠음 중국 게임기업들 프리코네 방주 야숨 집착광수 삼지선다 반드시 하나 있을거란게 최근… https://t.co/zQb35ps3hO",FALSE,0,"scc_07city",2022-06-11 22:27:18,TRUE,"1535743108641501184","1535750548434997249","1302176455481110528","<a href=""http://twitter.com/download/android"" rel=""nofollow"">Twitter for Android</a>","scc_07city",0,FALSE,FALSE,NA,NA
"@myRO635 저두요 🥺💕 프리코네는 다시 접은지는 좀 됐지만 여전히 캐릭터는 애정하고 있어요. 헤헤... 앞으로 파고님 보러 자주 와야겠어요",FALSE,0,"myRO635",2022-06-11 19:12:11,FALSE,"1535698239655006208","1535701446120706048","1273828472826114049","<a href=""http://twitter.com/download/android"" rel=""nofollow"">Twitter for Android</a>","Dodam_PRC",0,FALSE,FALSE,NA,NA
"근데 프리코네 키시쿤급 외모면 그 자체로도 개연성이긴 함",FALSE,0,NA,2022-06-11 17:31:08,FALSE,NA,"1535676018391851008",NA,"<a href=""http://twitter.com/download/android"" rel=""nofollow"">Twitter for Android</a>","PiwoPivo",0,FALSE,FALSE,NA,NA
"근데 블루아카 선생이 사랑받는 이유가 그냥잘생겨서도 있는거 같지만(유우카가 걍 뭐 정리해주러 왔다가 눈돌아가는거만 봐도) 학생들마다 좋아하는이유가 좀 다른거같아서 그런건 맘에듬 프리코네할때 좀 그랬던게 얘가… https://t.co/GL7LTSIt7h",FALSE,0,NA,2022-06-11 17:26:28,TRUE,NA,"1535674842305171457",NA,"<a href=""https://mobile.twitter.com"" rel=""nofollow"">Twitter Web App</a>","MagicPowerjohns",0,FALSE,FALSE,NA,NA
"프리코네 하긴하는데 노래는 열심히 안들었어...",FALSE,0,NA,2022-06-11 17:17:42,FALSE,NA,"1535672637925404672",NA,"<a href=""https://about.twitter.com/products/tweetdeck"" rel=""nofollow"">TweetDeck</a>","Sheart_",0,FALSE,FALSE,NA,NA
"아 오늘 아침에 프리코네 잠깐 들어가고 안들어갔었나보네 스태가 자연회복이랑 길드하우스 다 꽉차있어 ㅋㅋㅋㅋㅋㅋㅋㅋ",FALSE,0,NA,2022-06-11 16:47:46,FALSE,NA,"1535665101692211200",NA,"<a href=""https://mobile.twitter.com"" rel=""nofollow"">Twitter Web App</a>","lechat83",0,FALSE,FALSE,NA,NA
"프리코네 요리 6성 달성 https://t.co/Qdf7NLZfQq",FALSE,0,NA,2022-06-11 16:26:37,FALSE,NA,"1535659780240740352",NA,"<a href=""http://twitter.com/#!/download/ipad"" rel=""nofollow"">Twitter for iPad</a>","Game_Ing_f",0,FALSE,FALSE,NA,NA
"프리코네 진짜 한 줄 알았는데 안했네",FALSE,0,NA,2022-06-11 14:55:20,FALSE,NA,"1535636808364883969",NA,"<a href=""https://mobile.twitter.com"" rel=""nofollow"">Twitter Web App</a>","MomokoBox",0,FALSE,FALSE,NA,NA
"프리코네만 좀더하고 출발해야지 ㅋㅋ~",FALSE,0,NA,2022-06-11 11:19:33,FALSE,NA,"1535582502626004992",NA,"<a href=""http://twitter.com/download/android"" rel=""nofollow"">Twitter for Android</a>","BS_taso",0,FALSE,FALSE,NA,NA
"@khing1015 프리코네 정모",FALSE,0,"khing1015",2022-06-11 10:15:45,FALSE,"1535563659585671169","1535566448768057344","963470059850014720","<a href=""http://twitter.com/download/android"" rel=""nofollow"">Twitter for Android</a>","TEnET_YHA_P",0,FALSE,FALSE,NA,NA
"@Dora123789 주의 : 프리코네 사렌 아님",FALSE,1,"Dora123789",2022-06-11 09:07:57,FALSE,"1535514631078174720","1535549387669090304","1306888424490545158","<a href=""http://twitter.com/download/android"" rel=""nofollow"">Twitter for Android</a>","BlueRem0204",0,FALSE,FALSE,NA,NA
"모두의 익명 질문을 모집 중!

최근 답변한 질문
● 어떤 종류의 치킨을 제일 좋…
● 빌립 어겐 기대이상으로 나왔…
● 아직 프리코네하고 계신가요?
● 즐겨보는 유튜브 채널이나 스…
#질문상자… https://t.co/Csrm0Isc2g",FALSE,0,NA,2022-06-11 09:03:14,TRUE,NA,"1535548199540207616",NA,"<a href=""https://peing.net"" rel=""nofollow"">Peing</a>","midas850",0,FALSE,FALSE,NA,NA
"RT @acetofa: 몬가 이상한 프리코네 가챠 https://t.co/8E12HOh68F",FALSE,0,NA,2022-06-11 08:57:28,FALSE,NA,"1535546747887362049",NA,"<a href=""https://mobile.twitter.com"" rel=""nofollow"">Twitter Web App</a>","THEBLUBLR",3,TRUE,FALSE,NA,NA
"ㅅㅂ맞다~
프리코네하는거까먹음",FALSE,0,NA,2022-06-11 03:12:47,FALSE,NA,"1535460005595717632",NA,"<a href=""http://twitter.com/download/android"" rel=""nofollow"">Twitter for Android</a>","_moonrabbit___",0,FALSE,FALSE,NA,NA
"니지홀로에 구듁자 10만넘어가는 개인세만합쳐도 200명넘어가니까 그냥 프리코네 생일축하 x 3정도보는거같음",FALSE,0,NA,2022-06-11 01:43:02,FALSE,NA,"1535437420203716609",NA,"<a href=""http://twitter.com/download/android"" rel=""nofollow"">Twitter for Android</a>","Housuck",0,FALSE,FALSE,NA,NA
"프리코네에서 생일축하받는중 https://t.co/hflVT5W5R9",FALSE,1,NA,2022-06-10 22:47:53,FALSE,NA,"1535393342875639808",NA,"<a href=""http://twitter.com/download/android"" rel=""nofollow"">Twitter for Android</a>","ahn3607",0,FALSE,FALSE,NA,NA
"어제 그렇게 피곤했나 나도 모르게 잠들었엇네 프리코네 하루 못했네",FALSE,0,NA,2022-06-10 20:37:33,FALSE,NA,"1535360541681946625",NA,"<a href=""http://twitter.com/download/android"" rel=""nofollow"">Twitter for Android</a>","veryveryotk365",0,FALSE,FALSE,NA,NA
"RT @Rudie_is_cos: #코스장터 #코스프레판매 
1.아스나 운디네ver 
우오샵작M사이즈 운포3.5
(가발(덤퀄)+의상+팔장식)
2.프리코네 콧코로 S사이즈
가발+의상(망토포함)+장식,장신구+신발(225)+무기 포함 올풀셋 운포11.0
3…",FALSE,0,NA,2022-06-10 20:29:57,FALSE,NA,"1535358630714781697",NA,"<a href=""http://twitter.com/download/android"" rel=""nofollow"">Twitter for Android</a>","Rudie_is_cos",2,TRUE,FALSE,NA,NA
"프리코네 한섭 천장 언제 200 됐지?
이젠 진짜 갓겜이네… 갓갓…",FALSE,0,NA,2022-06-10 18:09:00,FALSE,NA,"1535323160198803463",NA,"<a href=""http://twitter.com/download/iphone"" rel=""nofollow"">Twitter for iPhone</a>","_CanIcosmic",0,FALSE,FALSE,NA,NA
"하이제 프리코네만 드가면된ㄷ@",FALSE,0,NA,2022-06-10 17:55:25,FALSE,NA,"1535319740142743552",NA,"<a href=""http://twitter.com/download/iphone"" rel=""nofollow"">Twitter for iPhone</a>","SongXaeGam",0,FALSE,FALSE,NA,NA
"(프리코네 정말 갓겜같다...)
(쥬얼수급도 잘되고....)
(용량만..좀..커서그렇지 ㅎㅎ;;) https://t.co/hUob7w7D9c",FALSE,4,NA,2022-06-10 14:27:38,FALSE,NA,"1535267449553113095",NA,"<a href=""http://twitter.com/download/android"" rel=""nofollow"">Twitter for Android</a>","blackcat7590",0,FALSE,FALSE,NA,NA
"RT @lolkain: 작혼 / 페그오 / 가디언 테일즈 / 프리코네 https://t.co/8wB6YdqMic",FALSE,0,NA,2022-06-10 14:13:16,FALSE,NA,"1535263834604113921",NA,"<a href=""http://twitter.com/download/iphone"" rel=""nofollow"">Twitter for iPhone</a>","colakyu",2,TRUE,FALSE,NA,NA
"작혼 / 페그오 / 가디언 테일즈 / 프리코네 https://t.co/8wB6YdqMic",FALSE,0,"lolkain",2022-06-10 14:12:21,FALSE,"1535263415924838401","1535263602424582144","107058996","<a href=""https://about.twitter.com/products/tweetdeck"" rel=""nofollow"">TweetDeck</a>","lolkain",2,FALSE,FALSE,NA,NA
"@s_NEGEV_s 프리코네 쿄우카 오시 게임 마스터",FALSE,1,"Happy_Hutao",2022-06-10 14:06:42,FALSE,"1535256349634076673","1535262180979142657","1240930950822768640","<a href=""http://twitter.com/download/iphone"" rel=""nofollow"">Twitter for iPhone</a>","Happy_Hutao",0,FALSE,FALSE,NA,NA
"RT @acetofa: 몬가 이상한 프리코네 가챠 https://t.co/8E12HOh68F",FALSE,0,NA,2022-06-10 14:03:25,FALSE,NA,"1535261353144893440",NA,"<a href=""http://twitter.com/download/android"" rel=""nofollow"">Twitter for Android</a>","ZENIXX397",3,TRUE,FALSE,NA,NA
"몬가 이상한 프리코네 가챠 https://t.co/8E12HOh68F",FALSE,3,NA,2022-06-10 13:55:37,FALSE,NA,"1535259393499213826",NA,"<a href=""https://mobile.twitter.com"" rel=""nofollow"">Twitter Web App</a>","acetofa",3,FALSE,FALSE,NA,NA
"@MagicPowerjohns 프리코네처럼 한번만 손컨해서 별 3개 띄우고 스킵하면 되용",FALSE,0,"MagicPowerjohns",2022-06-10 05:36:54,FALSE,"1535133716485644289","1535133888108204034","912860537670660096","<a href=""http://twitter.com/download/android"" rel=""nofollow"">Twitter for Android</a>","caersidi",0,FALSE,FALSE,NA,NA
"@KrComet 제가 블아를 안 해봐서 모르겠지만 프리코네 수준이에요 딱 ㅋㅋㅋ 욕심 안가지고 적당히 하면 괜찮은데 욕심 조금이라도 가지는순간 지옥의 가챠쑈...",FALSE,0,"KrComet",2022-06-10 04:53:10,FALSE,"1535122596353650688","1535122879872143360","4689073459","<a href=""http://twitter.com/download/iphone"" rel=""nofollow"">Twitter for iPhone</a>","bin_bash_shell",0,FALSE,FALSE,NA,NA
"프리코네 6성 피규어를 봤고 예감했다. 저건 사진처럼 이쁘게 나올 것이며 아래 파츠에 코코로를 낄 수 있는 홈은 랜덤으로 작거나 커서 제대로 끼워지지 않을 것이며, 하단 파츠는 이쁘게 생겼지만 쪼끔의 힘으로도 뽀각 날 것을.. (이전 피규어가 그랬음)",FALSE,0,NA,2022-06-10 04:25:53,FALSE,NA,"1535116014958280704",NA,"<a href=""https://mobile.twitter.com"" rel=""nofollow"">Twitter Web App</a>","keachel",0,FALSE,FALSE,NA,NA
"ㅅㅂ 학교인데 하는겜이 블루아카에 프리코네라 못켜고있어.. .",FALSE,0,NA,2022-06-10 03:08:20,FALSE,NA,"1535096498295169024",NA,"<a href=""http://twitter.com/download/android"" rel=""nofollow"">Twitter for Android</a>","kyaa_AwA",0,FALSE,FALSE,NA,NA
"라스트오리진이 제대로 해외 시장을 노린다면 페그오, 뱅드림, 아이마스 시리즈, 러브라이브 시리즈, 프리코네 , 벽람 , 소녀전선 등등 유명 미소녀 게임 시리즈들이 바짝 긴장해야 할것입니다. #lastorigin #라스트오리진 #ラストオリジン",FALSE,0,NA,2022-06-09 23:00:17,FALSE,NA,"1535034072459714560",NA,"<a href=""http://botwt.kr"" rel=""nofollow"">봇트윗</a>","cutekato00",0,FALSE,FALSE,NA,NA
"프리코네 다음 가차 갱신 15시... 설마 쥰(쿠사) 나오는거 아니겠지........??",FALSE,0,NA,2022-06-09 17:34:22,FALSE,NA,"1534952053482565632",NA,"<a href=""https://about.twitter.com/products/tweetdeck"" rel=""nofollow"">TweetDeck</a>","pesky89",0,FALSE,FALSE,NA,NA
"오늘 시험 공부 빡세게하느라 프리코네도 페그오도 안했다",FALSE,0,NA,2022-06-09 14:43:01,FALSE,NA,"1534908933998989312",NA,"<a href=""https://about.twitter.com/products/tweetdeck"" rel=""nofollow"">TweetDeck</a>","redmoon_promise",0,FALSE,FALSE,NA,NA
"@hetare012027 프리코네 비슷한 분재키우는 게임",FALSE,0,"hetare012027",2022-06-09 12:50:10,FALSE,"1534880263041187840","1534880533003370497","1428779468420640775","<a href=""https://mobile.twitter.com"" rel=""nofollow"">Twitter Web App</a>","_1Combo",0,FALSE,FALSE,NA,NA
"와 사마키 강화 겁나 장난 아닌가보넼ㅋㅋㅋㅋ 프리코네는 TP겜이다...",FALSE,0,NA,2022-06-09 12:21:32,FALSE,NA,"1534873325603655680",NA,"<a href=""https://about.twitter.com/products/tweetdeck"" rel=""nofollow"">TweetDeck</a>","pesky89",0,FALSE,FALSE,NA,NA
"RT @Rudie_is_cos: #코스장터 #코스프레판매 
1.아스나 운디네ver 
우오샵작M사이즈 운포3.5
(가발(덤퀄)+의상+팔장식)
2.프리코네 콧코로 S사이즈
가발+의상(망토포함)+장식,장신구+신발(225)+무기 포함 올풀셋 운포11.0
3…",FALSE,0,NA,2022-06-09 09:31:51,FALSE,NA,"1534830624170987521",NA,"<a href=""http://twitter.com/download/android"" rel=""nofollow"">Twitter for Android</a>","jnero_cosplay",2,TRUE,FALSE,NA,NA
"모두의 익명 질문을 모집 중!

최근 답변한 질문
● 어떤 종류의 치킨을 제일 좋…
● 빌립 어겐 기대이상으로 나왔…
● 아직 프리코네하고 계신가요?
● 즐겨보는 유튜브 채널이나 스…
#질문상자… https://t.co/rAxgG2x9QE",FALSE,0,NA,2022-06-09 09:09:02,TRUE,NA,"1534824884693770241",NA,"<a href=""https://peing.net"" rel=""nofollow"">Peing</a>","midas850",0,FALSE,FALSE,NA,NA
"프리코네 키시군 호감이야",FALSE,0,NA,2022-06-09 08:38:14,FALSE,NA,"1534817133141426177",NA,"<a href=""http://twitter.com/download/android"" rel=""nofollow"">Twitter for Android</a>","caisenmj",0,FALSE,FALSE,NA,NA
"27년 인생 게임 과금액

대략

로아 10만
던파 20만
롤 25만
메이플 10만
프리코네 20만
파판14 18만
스팀 10만
스위치 20만
블루아카 5만
프로세카 3만

=약 141만원

첫 게임을 중1… https://t.co/ivNmHvtzlh",FALSE,0,NA,2022-06-09 07:33:44,TRUE,NA,"1534800901201768448",NA,"<a href=""http://twitter.com/download/iphone"" rel=""nofollow"">Twitter for iPhone</a>","dudgnswkd123",0,FALSE,FALSE,NA,NA
"난 굳이 프리코네 플레이하고 싶지 않은데 최애를 보려면 어쩔 수 없이 선택을 해야된다고",FALSE,0,NA,2022-06-09 07:08:38,FALSE,NA,"1534794584005353473",NA,"<a href=""https://about.twitter.com/products/tweetdeck"" rel=""nofollow"">TweetDeck</a>","mitsubarang",0,FALSE,FALSE,NA,NA
"살려주세요 최애가 프리코네에 갇혔어요",FALSE,0,NA,2022-06-09 07:08:16,FALSE,NA,"1534794491290234880",NA,"<a href=""https://about.twitter.com/products/tweetdeck"" rel=""nofollow"">TweetDeck</a>","mitsubarang",0,FALSE,FALSE,NA,NA
"진짜 프리코네 주인공처럼 업혀지면서 존나 민폐덩어리에 정작 본인은 강해질 의지 하나도 없이 강한 애들 뒤에 업혀있기만 하는 그냥 무쓸모 쓰레기 플레이어 게임들 안좋아하는듯...",FALSE,0,NA,2022-06-09 06:39:28,FALSE,NA,"1534787244568940544",NA,"<a href=""https://mobile.twitter.com"" rel=""nofollow"">Twitter Web App</a>","Sasha_Braus",0,FALSE,FALSE,NA,NA
"내가 이래가지고 프리코네도 그만둠. 시발 주인공 새끼가 존나 애들한테 염치없이 존나... 아 그래서 로오히는 괜찮았음 주인공이 정상적으로 자기 능력 없는거 인정하고 그래도 최대한 활용해서 사람들 이끌어모으는… https://t.co/SQl8qv9YdD",FALSE,0,NA,2022-06-09 06:37:47,TRUE,NA,"1534786818943594496",NA,"<a href=""https://mobile.twitter.com"" rel=""nofollow"">Twitter Web App</a>","Sasha_Braus",0,FALSE,FALSE,NA,NA
"@ReAlNDHL 아 프리코네도 하는데 이건 게임이 아니에요",FALSE,0,"ReAlNDHL",2022-06-09 06:31:22,FALSE,"1534785010070196226","1534785206271414272","4671619982","<a href=""http://twitter.com/download/iphone"" rel=""nofollow"">Twitter for iPhone</a>","SmileHori",0,FALSE,FALSE,NA,NA
"라스트오리진이 제대로 해외 시장을 노린다면 페그오, 뱅드림, 아이마스 시리즈, 러브라이브 시리즈, 프리코네 , 벽람 , 소녀전선 등등 유명 미소녀 게임 시리즈들이 바짝 긴장해야 할것입니다. #lastorigin #라스트오리진 #ラストオリジン",FALSE,0,NA,2022-06-08 23:00:15,FALSE,NA,"1534671677497323520",NA,"<a href=""http://botwt.kr"" rel=""nofollow"">봇트윗</a>","cutekato00",0,FALSE,FALSE,NA,NA
"@be___yummy 네네!!!!!!!!! 그니까 100에 멈추면 없어지는것이..😢😢 글게요 프리코네정도만 되어도 괜찮은데 100은 너무 금방이에요!!! ㅌㅋㅋㅋ ㅋㅋㅋ ㅜㅜ",FALSE,0,"be___yummy",2022-06-08 21:36:19,FALSE,"1534548691973214208","1534650554844172290","1239537864758579204","<a href=""http://twitter.com/download/android"" rel=""nofollow"">Twitter for Android</a>","prsk_cc",0,FALSE,FALSE,NA,NA
"사실 프리코네와 소전과 라오와 명빵과 블루아카가 하나로 이어지는 세계관이었다면 어땠을까

어릴 때 프리코네의 키시쿤이었다가 커서 소전의 시키칸으로 취업하고
그 뒤에 인류가 멸망해서 라오 세계관으로 이어진 뒤… https://t.co/C8j1xLgYWY",FALSE,0,NA,2022-06-08 19:09:06,TRUE,NA,"1534613506875867136",NA,"<a href=""https://mobile.twitter.com"" rel=""nofollow"">Twitter Web App</a>","Entry_desuyo",0,FALSE,FALSE,NA,NA
"@nyaa_0403 ㅋ
ㅋㅋ
ㅋ
프리코네는 뭐지... 트위스티드 원더랜드(이하 트위스테, 트이스테) 라는 겜이에요 ㅋㅋ ㅋㅋㅋ ㄷ1즈ㄴ1 빌런 소재 고교 어쩌고 물... 남캐 잔뜩 나오는..",FALSE,0,"nyaa_0403",2022-06-08 17:50:51,FALSE,"1534593198676676608","1534593812936335360","1510287245231951874","<a href=""http://twitter.com/download/android"" rel=""nofollow"">Twitter for Android</a>","TMM_ID_",0,FALSE,FALSE,NA,NA
"IM@S Heardle #72

🔊🟩⬜️⬜️⬜️⬜️⬜️

#IMASDLE #idolmaster

https://t.co/bxJBC14vKp

전설의 프리코네 갤에서의 나에게 힘을 주는 노래의 그 그룹 노래 ㅋㅋㅋㅋㅋㅋㅋ",FALSE,0,NA,2022-06-08 16:48:26,FALSE,NA,"1534578108463886336",NA,"<a href=""http://twitter.com/download/android"" rel=""nofollow"">Twitter for Android</a>","Armorgirllover",0,FALSE,FALSE,NA,NA
"프리코네나 다시깔아야지...",FALSE,0,NA,2022-06-08 16:44:58,FALSE,NA,"1534577232919687168",NA,"<a href=""http://twitter.com/download/android"" rel=""nofollow"">Twitter for Android</a>","Dummy_D4TA",0,FALSE,FALSE,NA,NA
"프리코네 시즈루 6성 달성 https://t.co/L6uDTPhFgM",FALSE,0,NA,2022-06-08 16:11:54,FALSE,NA,"1534568913539051521",NA,"<a href=""http://twitter.com/#!/download/ipad"" rel=""nofollow"">Twitter for iPad</a>","Game_Ing_f",0,FALSE,FALSE,NA,NA
"그블/프리코네/섀버/말딸 일판 하는 트친 분 중 링메 혜택 필요하신 분 있으시다면 연락 주세용
월 2만원 정도 받는 선에서 링메 연동 시켜드릴까 생각 중이라",FALSE,0,NA,2022-06-08 15:36:08,FALSE,NA,"1534559913015640064",NA,"<a href=""http://twitter.com/download/android"" rel=""nofollow"">Twitter for Android</a>","swlee0531",0,FALSE,FALSE,NA,NA
"프리코네 이번 이벤트는 캠핑이라고 브금이 정말 유루캠풍 음악이라서 들을때마다 놀라는중",FALSE,0,NA,2022-06-08 15:28:04,FALSE,NA,"1534557880803725312",NA,"<a href=""https://mobile.twitter.com"" rel=""nofollow"">Twitter Web App</a>","Belserious",0,FALSE,FALSE,NA,NA
"아니 뭐야 프리코네 끝말잇기2가 생겼었네",FALSE,0,NA,2022-06-08 15:24:25,FALSE,NA,"1534556962540892160",NA,"<a href=""https://mobile.twitter.com"" rel=""nofollow"">Twitter Web App</a>","lechat83",0,FALSE,FALSE,NA,NA
"프리코네 하니까 갑자기 다시 들어가고싶네 해볼까",FALSE,0,NA,2022-06-08 14:52:54,FALSE,NA,"1534549031791493120",NA,"<a href=""https://mobile.twitter.com"" rel=""nofollow"">Twitter Web App</a>","miracle_toki_",0,FALSE,FALSE,NA,NA
"@prsk_cc 랭업하면 충전해주지않나요??!!
저 그래서 엄청 렙업햇엇는데!!!!
흑흑 생각해보니 프리코네도 랭크상한이 잇네요 저는 앙스타에 길들여져잇다보니 새삼 어색한ㅋㅋㅜㅜ",FALSE,0,"prsk_cc",2022-06-08 14:51:33,FALSE,"1534541297549455360","1534548691973214208","1405425210002612232","<a href=""http://twitter.com/download/android"" rel=""nofollow"">Twitter for Android</a>","be___yummy",0,FALSE,FALSE,NA,NA
"@Cos_setsu_ 나 프리코네 코스 처음 봤어 :0",FALSE,0,"Cos_setsu_",2022-06-08 14:50:25,FALSE,"1534546170923872256","1534548405472866305","1519940164612915201","<a href=""http://twitter.com/download/android"" rel=""nofollow"">Twitter for Android</a>","ShineNeria",0,FALSE,FALSE,NA,NA
"19 20년을 버티게 해준 3가지 1프리코네 2파판 3군것질",FALSE,1,NA,2022-06-08 14:47:24,FALSE,NA,"1534547647389831169",NA,"<a href=""http://twitter.com/download/android"" rel=""nofollow"">Twitter for Android</a>","miracle_toki_",0,FALSE,FALSE,NA,NA
"@G_AGAMI 오늘이 베리하드 2배인가 3배주는 이벤트 막날이니까
6성캐릭 안만드신거 있음 다 도시면 될덧

어차피 프리코네는 분재겜이라 익숙해지면 하루 10분 이내로 정리 가능!",FALSE,0,"G_AGAMI",2022-06-08 14:43:38,FALSE,"1534546149452812288","1534546702291845121","1286832213447675904","<a href=""http://twitter.com/download/android"" rel=""nofollow"">Twitter for Android</a>","xowhdhkd",0,FALSE,FALSE,NA,NA
"프리코네 스즈나 수영복, , , 🫣
원래 바닷가에서 촬영예정이었는데 사진사분이 펑크냄 ㅜ 
집코라두 해보기,, https://t.co/QvkL6omtHf",FALSE,11,NA,2022-06-08 14:41:32,FALSE,NA,"1534546170923872256",NA,"<a href=""http://twitter.com/download/iphone"" rel=""nofollow"">Twitter for iPhone</a>","Cos_setsu_",0,FALSE,FALSE,NA,NA
"프리코네 복귀뉴비 질문드립니다

아래 이미지에서 키우면 좋은 캐릭터 알려주실수 있는분 구합니다 ㅠㅠ

사진 계속 https://t.co/BL01YqcMxt",FALSE,1,NA,2022-06-08 14:33:33,FALSE,NA,"1534544162409705472",NA,"<a href=""http://twitter.com/download/android"" rel=""nofollow"">Twitter for Android</a>","G_AGAMI",0,FALSE,FALSE,NA,NA
"2~3년전만 해도 영원할거같았는데 프리코네의 급락이라던지 순식간에 뜨고지는 컨텐츠 사이에서 진짜 조금씩 잠기는 느낌인데 공식은 ODD나 팔고 있고 요즘 기분 진짜 복잡함",FALSE,0,NA,2022-06-08 14:31:52,FALSE,NA,"1534543737904574464",NA,"<a href=""http://twitter.com/download/android"" rel=""nofollow"">Twitter for Android</a>","cloveranim",0,FALSE,FALSE,NA,NA
"오늘로 프리코네 아야네 6성이다 https://t.co/LG1xj100Lx",FALSE,3,NA,2022-06-08 14:22:03,FALSE,NA,"1534541269837684736",NA,"<a href=""http://twitter.com/download/android"" rel=""nofollow"">Twitter for Android</a>","ahn3607",0,FALSE,FALSE,NA,NA
"이번달자 프리코네 https://t.co/V7YD4VfU3Z",FALSE,0,NA,2022-06-08 14:15:45,FALSE,NA,"1534539681496731648",NA,"<a href=""http://twitter.com/download/android"" rel=""nofollow"">Twitter for Android</a>","hope_by_joke",0,FALSE,FALSE,NA,NA
"헉 iOS 16 베타에서 프리코네 안 됨 ㅋㅋ 똥망",FALSE,0,NA,2022-06-08 13:45:02,FALSE,NA,"1534531953663176704",NA,"<a href=""http://itunes.apple.com/us/app/twitter/id409789998?mt=12"" rel=""nofollow"">Twitter for Mac</a>","creaturess",0,FALSE,FALSE,NA,NA
"@nichi_72 프리코네, 원신이요~",FALSE,0,"nichi_72",2022-06-08 12:17:20,FALSE,"1534508593243824130","1534509880949997568","710280660","<a href=""https://mobile.twitter.com"" rel=""nofollow"">Twitter Web App</a>","GameDevLeone",0,FALSE,FALSE,NA,NA
"@meom_S2 프리코네 ㅋㅋㅋㅋ 그렇긴하네",FALSE,0,"meom_S2",2022-06-08 10:27:59,FALSE,"1534482227202908160","1534482362981318663","1526165842274054144","<a href=""http://twitter.com/download/android"" rel=""nofollow"">Twitter for Android</a>","ArtoriaAru",0,FALSE,FALSE,NA,NA
"@GBF_fooree 약간 프리코네 육성 방식이랑 비슷해서 초반에는 육성이 빡셀 거예요... 혹시 편성에 고민 생기시면 성능만 보고 사는 제가 도와드리겠습니다....
이벤트 상자는 열어서 스타젬 먹는건 너무… https://t.co/jTQjBvCTEg",FALSE,1,"GBF_fooree",2022-06-08 10:04:24,TRUE,"1534473463867781120","1534476428665757698","917762716428677120","<a href=""http://twitter.com/download/android"" rel=""nofollow"">Twitter for Android</a>","chung2san",0,FALSE,FALSE,NA,NA
"RT @creaturess: [단편] 프리코네) 캬루 유니버스 https://t.co/5piZ1Uxf8o",FALSE,0,NA,2022-06-08 07:52:46,FALSE,NA,"1534443301847597056",NA,"<a href=""http://twitter.com/download/android"" rel=""nofollow"">Twitter for Android</a>","k_krone95",3,TRUE,FALSE,NA,NA
"캬루면 프리코네하나...",FALSE,0,NA,2022-06-08 07:07:17,FALSE,NA,"1534431854324879360",NA,"<a href=""https://github.com/TwidereProject"" rel=""nofollow"">Twidere for Android</a>","quamarine_game",0,FALSE,FALSE,NA,NA
"프리코네 하고 싶다... 아직까지도 어디를 가도 그만큼의 사랑을 느끼지 못하고",FALSE,0,NA,2022-06-08 05:52:06,FALSE,NA,"1534412934029357056",NA,"<a href=""http://twitter.com/download/android"" rel=""nofollow"">Twitter for Android</a>","Rahanies4",0,FALSE,FALSE,NA,NA
"@popin_star 나도 프리코네 왕꿈틀이단 이후로 지인길드에서 겜해본적이없어서 그립긴하다 ㅋㅋㅋ",FALSE,0,"popin_star",2022-06-08 03:46:43,FALSE,"1534379755856076800","1534381382255910914","4280446873","<a href=""http://twitter.com/download/android"" rel=""nofollow"">Twitter for Android</a>","MagicPowerjohns",0,FALSE,FALSE,NA,NA
"홍대 애니메이트 구경왔는데 프리코네 굿즈 코너는 사라진듯 😓

그리고 우마무스메 굿즈도 없어서 아쉬운..😩

5등분의 신부 굿즈는 극장판의 영향인지 많네요~ 😁 https://t.co/ErYkGKRudM",FALSE,0,NA,2022-06-08 03:45:29,FALSE,NA,"1534381072158363648",NA,"<a href=""http://twitter.com/download/android"" rel=""nofollow"">Twitter for Android</a>","ShinGamja",0,FALSE,FALSE,NA,NA
"@lanyaaaaranya 오!! 그건진짜좋네요 프리코네에서 클랜전때 서로기분상하는걸 많이봐서... 뉴비복지용서클같은거 있으면좋겠네요 흑흑",FALSE,0,"lanyaaaaranya",2022-06-08 03:34:31,FALSE,"1534378086938333184","1534378309848428545","1484111034801885184","<a href=""http://twitter.com/download/android"" rel=""nofollow"">Twitter for Android</a>","MagicPowerjohns",0,FALSE,FALSE,NA,NA
"@popin_star ㅇㅋ땡스~~~~이거 피스도 프리코네랑 좀 비슷한시스템같네",FALSE,0,"popin_star",2022-06-08 03:27:09,FALSE,"1534372393304502272","1534376458025635840","4280446873","<a href=""http://twitter.com/download/android"" rel=""nofollow"">Twitter for Android</a>","MagicPowerjohns",0,FALSE,FALSE,NA,NA
"어오늘프리코네무료연소멸?",FALSE,0,NA,2022-06-08 03:14:04,FALSE,NA,"1534373165983735810",NA,"<a href=""http://twitter.com/download/android"" rel=""nofollow"">Twitter for Android</a>","Traumerei_17",0,FALSE,FALSE,NA,NA
"@ZAIA_YP 프리코네",FALSE,1,"ZAIA_YP",2022-06-08 00:16:27,FALSE,"1534317818136645632","1534328465314422784","1521798191343054848","<a href=""http://twitter.com/download/android"" rel=""nofollow"">Twitter for Android</a>","Rage_Saur",0,FALSE,FALSE,NA,NA
"아침 프리코네가 진짜 개병신임 ㅋㅋㅋ

프리코네가 개병신인지

아니면 유플러스가 개병신인지

아니면 개머저리같이 숫자 45개 중에 6개 맞추는걸 못해서 출근하는 내가 개병신인지는 모르겠는데

커넥팅 한번에… https://t.co/U29jtbMX5w",FALSE,0,NA,2022-06-07 23:18:25,TRUE,NA,"1534313861117255680",NA,"<a href=""http://twitter.com/download/iphone"" rel=""nofollow"">Twitter for iPhone</a>","noina_121",0,FALSE,FALSE,NA,NA
"라스트오리진이 제대로 해외 시장을 노린다면 페그오, 뱅드림, 아이마스 시리즈, 러브라이브 시리즈, 프리코네 , 벽람 , 소녀전선 등등 유명 미소녀 게임 시리즈들이 바짝 긴장해야 할것입니다. #lastorigin #라스트오리진 #ラストオリジン",FALSE,0,NA,2022-06-07 23:00:15,FALSE,NA,"1534309288948092928",NA,"<a href=""http://botwt.kr"" rel=""nofollow"">봇트윗</a>","cutekato00",0,FALSE,FALSE,NA,NA
"탐라 분석해서 확인결과 트친들이하고잇는 게임

소워
메이플
말딸
프리코네
페그오
등등",FALSE,0,NA,2022-06-07 22:33:41,FALSE,NA,"1534302603458318338",NA,"<a href=""https://about.twitter.com/products/tweetdeck"" rel=""nofollow"">TweetDeck</a>","redmoon_promise",0,FALSE,FALSE,NA,NA
"@knit_sh 손난쟈다메 성우래여 저도 목소리 좋대길래 누구지 찾아봄 궁금해서 ㅋㅋㅋㅋ

그랑블루 제타, 프리코네 후타바 아오이",FALSE,0,"knit_sh",2022-06-07 21:45:35,FALSE,"1534290118973849600","1534290499724800000","238993072","<a href=""http://twitter.com/download/android"" rel=""nofollow"">Twitter for Android</a>","Triple_Z",0,FALSE,FALSE,NA,NA
"역시 프리코네 계정 6개 돌리는건 시간이 오래걸령",FALSE,1,NA,2022-06-07 16:24:11,FALSE,NA,"1534209614870622210",NA,"<a href=""https://about.twitter.com/products/tweetdeck"" rel=""nofollow"">TweetDeck</a>","yagami_zero",0,FALSE,FALSE,NA,NA
"하...씨발 프리코네 왜 카카오임 개새끼들아",FALSE,0,NA,2022-06-07 13:47:05,FALSE,NA,"1534170082812710913",NA,"<a href=""http://twitter.com/download/android"" rel=""nofollow"">Twitter for Android</a>","miso_tensi",0,FALSE,FALSE,NA,NA
"카톡을 탈퇴하기엔 소중한게 너무 많음
....
20만원 지른 프리코네 계정이라던가",FALSE,4,NA,2022-06-07 13:45:36,FALSE,NA,"1534169707380584450",NA,"<a href=""http://twitter.com/download/android"" rel=""nofollow"">Twitter for Android</a>","miso_tensi",0,FALSE,FALSE,NA,NA
"RT @creaturess: [단편] 프리코네) 캬루 유니버스 https://t.co/5piZ1Uxf8o",FALSE,0,NA,2022-06-07 13:12:10,FALSE,NA,"1534161294336462848",NA,"<a href=""http://twitter.com/download/android"" rel=""nofollow"">Twitter for Android</a>","Skyshield35",3,TRUE,FALSE,NA,NA
"어제 프리코네갤에서 극혐인 글 하나 봤슴

트위터에서 일본 프리코네 일러스트 그리는 분이 있는데 그 분 그림 그~~대로 갖고 와서 지가 그린척 갤에다가 글싸고 있더라",FALSE,0,NA,2022-06-07 12:02:15,FALSE,NA,"1534143700334391299",NA,"<a href=""https://about.twitter.com/products/tweetdeck"" rel=""nofollow"">TweetDeck</a>","Sheart_",0,FALSE,FALSE,NA,NA
"@Soninm1 요즘엔 좋아하는 게임이라면 그닥 없긴 한데
주로 하는 게임은 메이플 블루아카 프리코네 정도가 있겠네요
그 외엔 Forager하고 얼불춤도 간간히 하고 있습니다",FALSE,1,"Soninm1",2022-06-07 11:14:19,FALSE,"1534130812748124160","1534131635633139712","977400520900935680","<a href=""https://mobile.twitter.com"" rel=""nofollow"">Twitter Web App</a>","Entry_desuyo",0,FALSE,FALSE,NA,NA
"모두의 익명 질문을 모집 중!

최근 답변한 질문
● 어떤 종류의 치킨을 제일 좋…
● 빌립 어겐 기대이상으로 나왔…
● 아직 프리코네하고 계신가요?
● 즐겨보는 유튜브 채널이나 스…
#질문상자… https://t.co/J5AWYvpFxI",FALSE,0,NA,2022-06-07 10:01:16,TRUE,NA,"1534113251440861184",NA,"<a href=""https://peing.net"" rel=""nofollow"">Peing</a>","midas850",0,FALSE,FALSE,NA,NA
"[단편] 프리코네) 캬루 유니버스 https://t.co/5piZ1Uxf8o",FALSE,2,NA,2022-06-07 09:48:09,FALSE,NA,"1534109952570036224",NA,"<a href=""http://twitter.com/download/iphone"" rel=""nofollow"">Twitter for iPhone</a>","creaturess",3,FALSE,FALSE,NA,NA
"RT @always_breeze: #사진사_트친소
#서코_트친소

서코는 몬갔지만 올리는 트친소!
뱅드림 본진! 요즘은 프리코네열심히
하고있습니다!
이런시진들 찍고있구요
03년생이상부터 무멘팔로 찾아뵐게요! https://t.co/hpYjwVRCY4",FALSE,0,NA,2022-06-07 09:29:35,FALSE,NA,"1534105280849801216",NA,"<a href=""http://twitter.com/download/android"" rel=""nofollow"">Twitter for Android</a>","_Luna1234",14,TRUE,FALSE,NA,NA
"@E_0720_forU 우리쌤이 ""네오아카 ㅁ쌤들 개인작이없는 이유.. 백일몽화"" 하면서 왕창 홍보하셧던 ㅋㅋㅋㅋㅋㅋㅋㅋㅋㅋ
알피지겜?!! 프리코네 느낌??",FALSE,0,"E_0720_forU",2022-06-07 09:01:06,FALSE,"1533791516938084352","1534098110036996096","1492753079728369664","<a href=""http://twitter.com/download/android"" rel=""nofollow"">Twitter for Android</a>","uni_hav_v",0,FALSE,FALSE,NA,NA
"@pigplug 프리코네 처럼 옷 바뀌면 다른 캐릭터니까 수영복이나 사복버전이 나올 수도 있겠죠....",FALSE,0,"pigplug",2022-06-07 08:12:51,FALSE,"1534084928085688320","1534085969665998848","545649916","<a href=""https://mobile.twitter.com"" rel=""nofollow"">Twitter Web App</a>","Shining_lake_4",0,FALSE,FALSE,NA,NA
"차라리 좀... 한섭만의 이벤트를 다양하게 열어줬으면 하는 바람이 있는데.. 모범사례가 많은 프리코네만 봐도 게임을 만들어 가는 게 단순히 개발 뿐만 아니라 운영이 이끌어나가기 때문에 이런 게 가능했던건데, 현 상황이면 좀... 나도 잘 모르겠어",FALSE,2,"elmeruliaPiana",2022-06-07 07:42:00,FALSE,"1534077707180724225","1534078204637741058","1492721373835558913","<a href=""https://about.twitter.com/products/tweetdeck"" rel=""nofollow"">TweetDeck</a>","elmeruliaPiana",0,FALSE,FALSE,NA,NA
"애들아 프리코네무료연놓치지마라",FALSE,0,NA,2022-06-07 07:01:13,FALSE,NA,"1534067942501289986",NA,"<a href=""http://twitter.com/download/iphone"" rel=""nofollow"">Twitter for iPhone</a>","stst_S2",0,FALSE,FALSE,NA,NA
"현재 내가 가장 돈을 많이 박은건
페그오 &gt; 프리코네 &gt; 블루아카 &gt; 아이프라 순이니까, 향후 내 수익을 어디다가 박을건지 고민한다면 답이 나오네 대충.",FALSE,0,NA,2022-06-07 06:55:41,FALSE,NA,"1534066549585195008",NA,"<a href=""http://twitter.com/download/android"" rel=""nofollow"">Twitter for Android</a>","wwwwjh",0,FALSE,FALSE,NA,NA
"프리코네는 좀 놨음 클전이 제일 좋같고 줄서서 순서대로 똥싸느라 밤늦게까지 하는 일도 잦았는데 (스.리라 하시는분들은 극단 생각하심됨) 풀오토로 왠만하면 돌리니까 스트레스가 줄음",FALSE,0,"tofu_in_sekai",2022-06-07 06:11:20,FALSE,"1534055133847252993","1534055388412227584","1318202681182150657","<a href=""http://twitter.com/download/android"" rel=""nofollow"">Twitter for Android</a>","tofu_in_sekai",0,FALSE,FALSE,NA,NA
"블루아카 : 얘도 안따져봐서 모르겠는데 이벤트 주기가 지멋대로라 감이 안잡힘... 근데 뭐 프리코네랑 비슷한데 좀 더 빡센 느낌",FALSE,0,"tofu_in_sekai",2022-06-07 06:09:07,FALSE,"1534054633739390976","1534054828896182272","1318202681182150657","<a href=""http://twitter.com/download/android"" rel=""nofollow"">Twitter for Android</a>","tofu_in_sekai",0,FALSE,FALSE,NA,NA
"데레스테 : 체감상 이틀은 쉬는것 같은데 안세어봐서 모르겠음
프리코네 : 기본적으로 뭐든지 한달 주기인데 월초는 스토리 이벤트, 중순은 만렙 확장, 등반 컨텐츠, 월말은 클랜전 느낌으로 매주 뭔가 할건 있음",FALSE,0,NA,2022-06-07 06:08:20,FALSE,NA,"1534054633739390976",NA,"<a href=""http://twitter.com/download/android"" rel=""nofollow"">Twitter for Android</a>","tofu_in_sekai",0,FALSE,FALSE,NA,NA
"프리코네 곧 여름수영복 나올까봐
지금 주얼 끌어모으는 중,,",FALSE,0,NA,2022-06-07 05:15:42,FALSE,NA,"1534041389264437248",NA,"<a href=""https://mobile.twitter.com"" rel=""nofollow"">Twitter Web App</a>","Nina_GS_",0,FALSE,FALSE,NA,NA
"@game_blackstars 이러다가 프리코네 친구들 다 만나고 정착하는거 아니냐",FALSE,1,"game_blackstars",2022-06-07 04:23:12,FALSE,"1534018743587655680","1534028177017741312","1222849077726941184","<a href=""http://twitter.com/download/android"" rel=""nofollow"">Twitter for Android</a>","NOEL35108496",0,FALSE,FALSE,NA,NA
"@t_tnir 그러려면 프리코네 하츠네&amp;시오리처럼 듀엣유닛 나와야할듯요...",FALSE,0,"t_tnir",2022-06-07 02:33:53,FALSE,"1534000344208142337","1534000663717216256","1509695202331562024","<a href=""http://twitter.com/download/android"" rel=""nofollow"">Twitter for Android</a>","esprine__",0,FALSE,FALSE,NA,NA
"라스트오리진이 제대로 해외 시장을 노린다면 페그오, 뱅드림, 아이마스 시리즈, 러브라이브 시리즈, 프리코네 , 벽람 , 소녀전선 등등 유명 미소녀 게임 시리즈들이 바짝 긴장해야 할것입니다. #lastorigin #라스트오리진 #ラストオリジン",FALSE,0,NA,2022-06-06 23:00:14,FALSE,NA,"1533946899438665728",NA,"<a href=""http://botwt.kr"" rel=""nofollow"">봇트윗</a>","cutekato00",0,FALSE,FALSE,NA,NA
"이번주 번역이 3편
프리코네 타노리이벤트끝내야하고
파판 설정 잡고
마비는 늘 하던대로
몬헌 좀 더 하고
닷핵은 오늘내일 달리면 에필로그인 vol4끝낼 수 있을 듯?

만화책은 사면 금방금방 읽어버리지만 라노… https://t.co/aIUglkqFbu",FALSE,1,NA,2022-06-06 22:47:25,TRUE,NA,"1533943674610282496",NA,"<a href=""http://twitter.softama.com/"" rel=""nofollow"">ツイタマ+ for Android</a>","yagami_zero",0,FALSE,FALSE,NA,NA
"원신에도 20만원쓰고
프리코네에도 10만얼마인가쓰고
방구석찐따라고 돈을 안쓰는게아님… 진짜너무슬프다.. 

좋은 방향으로 돈을 쓰도록 노력하자..",FALSE,0,NA,2022-06-06 20:34:47,FALSE,NA,"1533910292853583872",NA,"<a href=""http://twitter.com/download/iphone"" rel=""nofollow"">Twitter for iPhone</a>","gwajegyejeong1",0,FALSE,FALSE,NA,NA
"프리코네 아레나 위주로 캐 키우니까 원래는 1000위에도 못들었던거 지금 500위 안으로 들어옴 진작에 키울걸 돌 달달하다 https://t.co/qEQDL2ocN2",FALSE,0,NA,2022-06-06 17:11:20,FALSE,NA,"1533859094377152512",NA,"<a href=""http://twitter.com/#!/download/ipad"" rel=""nofollow"">Twitter for iPad</a>","Game_Ing_f",0,FALSE,FALSE,NA,NA
"프리코네 아키노 6성 달성 https://t.co/CMP88Om9jH",FALSE,0,NA,2022-06-06 17:04:47,FALSE,NA,"1533857445357170689",NA,"<a href=""http://twitter.com/#!/download/ipad"" rel=""nofollow"">Twitter for iPad</a>","Game_Ing_f",0,FALSE,FALSE,NA,NA
"근데 진짜 다른 게임 해보니까 프리코네가 무과금 혜자 게임인듯
나 일섭 한섭 둘다 무과금인데 힘들지않게 게임한듯
무료 연차 최고",FALSE,0,NA,2022-06-06 16:43:08,FALSE,NA,"1533851996733992960",NA,"<a href=""http://twitter.com/download/android"" rel=""nofollow"">Twitter for Android</a>","darang_mint",0,FALSE,FALSE,NA,NA
"요즘 할만한 게임이 없어서 프리코네 일섭만 하다가 오랜만에 한섭 다운받는듕 (사실 일섭도 무료가챠만 열심히 함)",FALSE,2,NA,2022-06-06 16:37:27,FALSE,NA,"1533850566639910912",NA,"<a href=""http://twitter.com/download/android"" rel=""nofollow"">Twitter for Android</a>","darang_mint",0,FALSE,FALSE,NA,NA
"RT @Traumerei_17: #지하돌_트친소 
이쪽은 처음이라 모르는 게 많아서 많이 배우고자 계정 만들었어요!
미소녀 짱
미소녀게임도 많이 합니다 ♡♡
뱅드림 데레스테 밀리시타 프리코네 소전 등등등",FALSE,0,NA,2022-06-06 14:59:33,FALSE,NA,"1533825930300620800",NA,"<a href=""https://mobile.twitter.com"" rel=""nofollow"">Twitter Web App</a>","Yukimitsu_1005",1,TRUE,FALSE,NA,NA
"RT @jaeyeon_1: 사이게임즈 10주년 앙케이트 결과
- 제일 좋아하는 사이게 작품의 캐릭터는?

1위 산달폰 (그랑블루)
2위 토카이 테이오 (우마무스메)
3위 라이스 샤워 (우마무스메)
4위 나루메아 (그랑블루)
5위 벨리알 (그랑블루)…",FALSE,0,NA,2022-06-06 14:34:19,FALSE,NA,"1533819580849659904",NA,"<a href=""http://twitter.com/download/iphone"" rel=""nofollow"">Twitter for iPhone</a>","TDGbalance",452,TRUE,FALSE,NA,NA
"#지하돌_트친소 
이쪽은 처음이라 모르는 게 많아서 많이 배우고자 계정 만들었어요!
미소녀 짱
미소녀게임도 많이 합니다 ♡♡
뱅드림 데레스테 밀리시타 프리코네 소전 등등등",FALSE,27,NA,2022-06-06 14:18:17,FALSE,NA,"1533815542976774151",NA,"<a href=""http://twitter.com/download/android"" rel=""nofollow"">Twitter for Android</a>","Traumerei_17",1,FALSE,FALSE,NA,NA
"프리코네랑 우마무스메랑 그랑블루 판타지 이 3개 팔면 되잖아..!!!! 저 두개의 게임 굿즈에 꼽사리로 개쌉마이너겜인 그랑블루 판타지를 껴주묜 되잖아!!!!",FALSE,0,"GBF_fooree",2022-06-06 10:53:44,FALSE,"1533763780878151685","1533764069240762368","917762716428677120","<a href=""http://twitter.com/download/iphone"" rel=""nofollow"">Twitter for iPhone</a>","GBF_fooree",0,FALSE,FALSE,NA,NA
"며칠 전에 프리코네 무료 가챠 행사한다고 광고 카톡이 왔길래 생각 없이 복귀해서 거기에 쌓여있던 6연차를 돌렸는데 생각보다 잘 나왔네...?",FALSE,0,NA,2022-06-06 10:35:08,FALSE,NA,"1533759385461473281",NA,"<a href=""https://about.twitter.com/products/tweetdeck"" rel=""nofollow"">TweetDeck</a>","Sim_on_Young",0,FALSE,FALSE,NA,NA
"아패 써보고 느낀 걘역시 장점...
게임런처에서...내가 언제 마지막으로 그 게임을 햇는지. 알려줌...
그래서.... 예를들먄 대충 6시간전에 프리코네를 핵다고 처... 그럼 들어가야댐
2시간 전으로 떠있… https://t.co/N0mbSqoCn1",FALSE,0,NA,2022-06-06 08:47:33,TRUE,NA,"1533732314655518720",NA,"<a href=""http://twitter.com/download/android"" rel=""nofollow"">Twitter for Android</a>","maplem_ang",0,FALSE,FALSE,NA,NA
"오랜만에 프리코네 캐릭터 스토리 보는데 괜찮네
유카리눈나 결혼해줘잉....",FALSE,3,NA,2022-06-06 07:43:10,FALSE,NA,"1533716110268420096",NA,"<a href=""http://twitter.com/download/android"" rel=""nofollow"">Twitter for Android</a>","Medal954",0,FALSE,FALSE,NA,NA
"@AIS_CHAN_765 뭐가ㅋㅋㅋ너 프리코네 하냐?",FALSE,0,"AIS_CHAN_765",2022-06-06 07:14:48,FALSE,"1533708728100216832","1533708973609984000","1048808841117282304","<a href=""http://twitter.com/download/android"" rel=""nofollow"">Twitter for Android</a>","HONi_YAMU_P",0,FALSE,FALSE,NA,NA
"프리코네 속 또다른 목소리, 미식전 편입니다.
#프리코네 #성우
https://t.co/toBlRFGztR",FALSE,0,NA,2022-06-06 05:11:48,FALSE,NA,"1533678016219336704",NA,"<a href=""http://twitter.com/download/android"" rel=""nofollow"">Twitter for Android</a>","SenjiStudio",0,FALSE,FALSE,NA,NA
"아니 근데ㅋㅋ
프리코네 꼭 복귀했다는 사람
혹은 예전에 했다는 사람은 왜
하나같이 예전 자부심이 강하냐
내가 예전에 인몇에 어쩌구 하는데
걍 그럴수록 좆밥같아보임ㅋㅋ",FALSE,6,NA,2022-06-06 04:38:11,FALSE,NA,"1533669556673474560",NA,"<a href=""http://twitter.com/download/android"" rel=""nofollow"">Twitter for Android</a>","lienism",0,FALSE,FALSE,NA,NA
"RT @JGoods_DJ: 🌟 프리코네 : 프린세스 커넥트

👉🏻 트레이딩 아크릴 스트랩 입고

#대전굿즈샵
#제이굿즈 https://t.co/Rks6G473yP",FALSE,0,NA,2022-06-06 03:37:58,FALSE,NA,"1533654402677936129",NA,"<a href=""http://twitter.com/download/android"" rel=""nofollow"">Twitter for Android</a>","pikachu_sharp19",2,TRUE,FALSE,NA,NA
"RT @always_breeze: *코스의상다수판매합니다*
로오히 암루실리카44-55 25
뱅드림 모카 잠깐샛길로 44-55 11
프리코네 캬루(여름)44-55 7
로오히 바레타 44-55 8

하자+더파는목록은 아래로
#코스프레장터 https://…",FALSE,0,NA,2022-06-06 03:20:18,FALSE,NA,"1533649957806219264",NA,"<a href=""https://mobile.twitter.com"" rel=""nofollow"">Twitter Web App</a>","marshmallgom",24,TRUE,FALSE,NA,NA
"RT @always_breeze: *코스의상다수판매합니다*
로오히 암루실리카44-55 25
뱅드림 모카 잠깐샛길로 44-55 11
프리코네 캬루(여름)44-55 7
로오히 바레타 44-55 8

하자+더파는목록은 아래로
#코스프레장터 https://…",FALSE,0,NA,2022-06-06 03:14:49,FALSE,NA,"1533648576739352577",NA,"<a href=""http://twitter.com/download/iphone"" rel=""nofollow"">Twitter for iPhone</a>","buden_cos",24,TRUE,FALSE,NA,NA
"🌟 프리코네 : 프린세스 커넥트

👉🏻 트레이딩 아크릴 스트랩 입고

#대전굿즈샵
#제이굿즈 https://t.co/Rks6G473yP",FALSE,1,NA,2022-06-06 03:07:22,FALSE,NA,"1533646701465964546",NA,"<a href=""http://twitter.com/download/iphone"" rel=""nofollow"">Twitter for iPhone</a>","JGoods_DJ",2,FALSE,FALSE,NA,NA
"RT @hokingjr: 유럽의 중세시대 때에 맥주 같은 양조가 수도원에서 이뤄졌다고 하지요. 그리고 그곳에서 지내는 수도승들은 사순절에는 육류와 유제품을 먹을 수 없어서 그 대신에 맥주를 마셨다고. 그러므로 프리코네의 유카리와 명일방주의 아르케토가…",FALSE,0,NA,2022-06-06 03:06:55,FALSE,NA,"1533646588651966465",NA,"<a href=""http://twitter.com/download/android"" rel=""nofollow"">Twitter for Android</a>","hmodeler",6,TRUE,FALSE,NA,NA
"다음은 프리코네",FALSE,4,NA,2022-06-06 02:35:35,FALSE,NA,"1533638705835298816",NA,"<a href=""http://twitter.com/download/android"" rel=""nofollow"">Twitter for Android</a>","jwoo5627",0,FALSE,FALSE,NA,NA
"오늘 프리코네 최애캐 생일이라 일러스트 좋아요 좀 누르겠습니다",FALSE,1,NA,2022-06-06 00:49:32,FALSE,NA,"1533612018246483968",NA,"<a href=""https://mobile.twitter.com"" rel=""nofollow"">Twitter Web App</a>","GameDevLeone",0,FALSE,FALSE,NA,NA
"라스트오리진이 제대로 해외 시장을 노린다면 페그오, 뱅드림, 아이마스 시리즈, 러브라이브 시리즈, 프리코네 , 벽람 , 소녀전선 등등 유명 미소녀 게임 시리즈들이 바짝 긴장해야 할것입니다. #lastorigin #라스트오리진 #ラストオリジン",FALSE,0,NA,2022-06-05 23:00:15,FALSE,NA,"1533584514563178498",NA,"<a href=""http://botwt.kr"" rel=""nofollow"">봇트윗</a>","cutekato00",0,FALSE,FALSE,NA,NA
"헐 내가 프리코네 만렙을 https://t.co/Q4zNdOVCdv",FALSE,0,NA,2022-06-05 17:04:54,FALSE,NA,"1533495089276030976",NA,"<a href=""http://twitter.com/download/iphone"" rel=""nofollow"">Twitter for iPhone</a>","1999O929",0,FALSE,FALSE,NA,NA
"16.장갑무스메
역시나 DMM 
그래픽, 시스템 벨런스등등 ip제외한  모든면 프리코네 하위호환겜
정지된 스샷만 봤을땐 그럴듯했는데
이어지는게 덜그덕 거렸음 
버튼누를때 칭~하는  효과음 딱하나 좋았는데
손이 안가 그다지 하지못했는데 섭종해버림ㄷㄷ",FALSE,0,"Po_chirin",2022-06-05 15:49:11,FALSE,"1533470063298494464","1533476034833960960","1092789417176051717","<a href=""http://twitter.com/download/android"" rel=""nofollow"">Twitter for Android</a>","Po_chirin",0,FALSE,FALSE,NA,NA
"프리코네는잇엇는데..흠...",FALSE,1,NA,2022-06-05 15:42:26,FALSE,NA,"1533474335331319808",NA,"<a href=""https://mobile.twitter.com"" rel=""nofollow"">Twitter Web App</a>","mil_6_6",0,FALSE,FALSE,NA,NA
"프리코네 무료연 언제까지지..?",FALSE,0,NA,2022-06-05 14:02:27,FALSE,NA,"1533449173130891264",NA,"<a href=""http://twitter.com/download/android"" rel=""nofollow"">Twitter for Android</a>","maplem_ang",0,FALSE,FALSE,NA,NA
"프리코네 쿄우카

#プリコネＲ 
#プリンセスコネクト https://t.co/jkoPNSd2SP",FALSE,1,NA,2022-06-05 13:06:21,FALSE,NA,"1533435055913455619",NA,"<a href=""https://mobile.twitter.com"" rel=""nofollow"">Twitter Web App</a>","404_Error___",0,FALSE,FALSE,NA,NA
"39. 프리코네
나름 초창기 유저...일찍 접었지만...",FALSE,0,"iris_kooki",2022-06-05 12:55:27,FALSE,"1533090001390817282","1533432313165787136","1459174628547772419","<a href=""http://twitter.com/download/android"" rel=""nofollow"">Twitter for Android</a>","iris_kooki",0,FALSE,FALSE,NA,NA
"프리코네 무료연으로 리노 얻음 https://t.co/4Ivlnctb6e",FALSE,0,NA,2022-06-05 12:07:06,FALSE,NA,"1533420143917019136",NA,"<a href=""http://twitter.com/#!/download/ipad"" rel=""nofollow"">Twitter for iPad</a>","Game_Ing_f",0,FALSE,FALSE,NA,NA
"@sanwang78 이번에 블루레이를 사는게 나을까요 가을까지 버티는게 나을까요...

프리코네2기 장바구니 넣어뒀는데...",FALSE,0,"sanwang78",2022-06-05 11:30:30,FALSE,"1533409557849878528","1533410932474253313","105048824","<a href=""http://twitter.com/download/android"" rel=""nofollow"">Twitter for Android</a>","catakao",0,FALSE,FALSE,NA,NA
"모두의 익명 질문을 모집 중!

최근 답변한 질문
● 어떤 종류의 치킨을 제일 좋…
● 빌립 어겐 기대이상으로 나왔…
● 아직 프리코네하고 계신가요?
● 즐겨보는 유튜브 채널이나 스…
#질문상자… https://t.co/pBfD1Z67Kz",FALSE,0,NA,2022-06-05 10:38:06,TRUE,NA,"1533397745997709312",NA,"<a href=""https://peing.net"" rel=""nofollow"">Peing</a>","midas850",0,FALSE,FALSE,NA,NA
"코토하 헤어를 유이(프리코네)로 바꿔주는 모드..?
https://t.co/gPDOSfflQu https://t.co/Tik7ythub1",FALSE,0,NA,2022-06-05 10:02:18,FALSE,NA,"1533388736502763521",NA,"<a href=""https://about.twitter.com/products/tweetdeck"" rel=""nofollow"">TweetDeck</a>","luseo29",0,FALSE,FALSE,NA,NA
"RT @seribingbing: 프리코네 뱅드림: ...",FALSE,0,NA,2022-06-05 09:17:47,FALSE,NA,"1533377532778921986",NA,"<a href=""http://twitter.com/download/iphone"" rel=""nofollow"">Twitter for iPhone</a>","Okusaki25",1,TRUE,FALSE,NA,NA
"@P_island1001 사실 잘 몰?루 일부러 프리코네 시작할때처럼
내 ㅈ대로 하고있거든...ㅋㅋㅋㅋㅋ",FALSE,0,"P_island1001",2022-06-05 09:04:37,FALSE,"1533370571391905794","1533374220914524166","1242762791007563777","<a href=""http://twitter.com/download/android"" rel=""nofollow"">Twitter for Android</a>","wannabekb",0,FALSE,FALSE,NA,NA
"프리코네 뱅드림: ... https://t.co/XR9vylfyuu",FALSE,0,NA,2022-06-05 07:55:00,FALSE,NA,"1533356698894708736",NA,"<a href=""http://twitter.com/download/android"" rel=""nofollow"">Twitter for Android</a>","seribingbing",1,FALSE,FALSE,NA,NA
"5. 주로하는 게임은 모바일 프리코네,블루아카이브
pc는 메이플스토리,배그입니다",FALSE,0,"cc31573537",2022-06-05 07:54:08,FALSE,"1533335718981820416","1533356483470974976","1508115286246916099","<a href=""http://twitter.com/download/android"" rel=""nofollow"">Twitter for Android</a>","cc31573537",0,FALSE,FALSE,NA,NA
"캬루는 확실히 인터넷에서의 인지도가 대단한 캐릭터다
프리코네 하지도않는 나도 알 정도고, 심지어 고양이 귀나 그와 유사한 것을 달고있으면 별명이 캬루다",FALSE,2,NA,2022-06-05 04:49:45,FALSE,NA,"1533310080199712768",NA,"<a href=""http://twitter.com/download/android"" rel=""nofollow"">Twitter for Android</a>","deeppen_uz",0,FALSE,FALSE,NA,NA
"프리코네랑 블루아카 뒤쳐지기 시작하니까 너무 답없는 게임이네",FALSE,1,NA,2022-06-05 02:19:11,FALSE,NA,"1533272191722475521",NA,"<a href=""http://twitter.com/download/android"" rel=""nofollow"">Twitter for Android</a>","Jo_shmello",0,FALSE,FALSE,NA,NA
"라스트오리진이 제대로 해외 시장을 노린다면 페그오, 뱅드림, 아이마스 시리즈, 러브라이브 시리즈, 프리코네 , 벽람 , 소녀전선 등등 유명 미소녀 게임 시리즈들이 바짝 긴장해야 할것입니다. #lastorigin #라스트오리진 #ラストオリジン",FALSE,0,NA,2022-06-04 23:00:14,FALSE,NA,"1533222120557543424",NA,"<a href=""http://botwt.kr"" rel=""nofollow"">봇트윗</a>","cutekato00",0,FALSE,FALSE,NA,NA
"@_water__melon__ ㅋㅋ프리코네겟냐고~",FALSE,0,"_water__melon__",2022-06-04 17:40:32,FALSE,"1533141194942820353","1533141665325535234","1257652064911372289","<a href=""http://twitter.com/download/android"" rel=""nofollow"">Twitter for Android</a>","no__zomii",0,FALSE,FALSE,NA,NA
"@Sommmama1 탐폰이 누군가 했더니 TMP군요 ㅋㅋ
뭐 소전 프리코네 참고한 티가 많이 나는 게임이다 보니 ~",FALSE,0,"Sommmama1",2022-06-04 14:44:40,FALSE,"1533091319035625473","1533097409458638848","1508082659763060738","<a href=""https://mobile.twitter.com"" rel=""nofollow"">Twitter Web App</a>","s_NEGEV_s",0,FALSE,FALSE,NA,NA
"프리코네를 접은 이유 하나가 생각났음
게임이 너무 뽀예 멀미나",FALSE,1,NA,2022-06-04 14:04:13,FALSE,NA,"1533087230931390464",NA,"<a href=""https://mobile.twitter.com"" rel=""nofollow"">Twitter Web App</a>","Remyun_",0,FALSE,FALSE,NA,NA
"@Floweress_Loe 프리코네에 한그오.. 희귀하신분이구만.. 좋아용 ㅇㅂㅇ/",FALSE,1,"Floweress_Loe",2022-06-04 12:46:02,FALSE,"1533033560617037826","1533067554729897984","1523957675859476480","<a href=""http://twitter.com/download/android"" rel=""nofollow"">Twitter for Android</a>","Umul57189781",0,FALSE,FALSE,NA,NA
"RT @Happy_Hutao: #뱅드림_트친소
#원신_트친소
도리벤 콜라보 이벤 In300 한 기념으로 트친소 올려봐요 
뱅드림,프로세카,원신 즐기고 있는 사람이에요
타장으로 프리코네,블루 아카 등 언급 있어요
흔적 남겨주시면 맞는사람 위주로 찾아갑…",FALSE,0,NA,2022-06-04 10:46:39,FALSE,NA,"1533037511341092864",NA,"<a href=""http://twitter.com/download/iphone"" rel=""nofollow"">Twitter for iPhone</a>","8msan",22,TRUE,FALSE,NA,NA
"뭐 이것도 어디까지나 제 개인적인 생각입니다만... 지금이나마 게임을 제대로 해본 입장에서 솔직히 게임을 너무 대충 만든 거 아닌가 하는 아쉬움이 드네요... 이대로 끝나서 묻혀버리긴 너무 아까운 작품인데.… https://t.co/TCEl7vpgfY",FALSE,1,"Za_Daku_Saido",2022-06-04 09:16:50,TRUE,"1533014903510151168","1533014905938493442","857863088766201856","<a href=""http://twitter.com/download/android"" rel=""nofollow"">Twitter for Android</a>","Za_Daku_Saido",0,FALSE,FALSE,NA,NA
"RT @always_breeze: *코스의상다수판매합니다*
로오히 암루실리카44-55 25
뱅드림 모카 잠깐샛길로 44-55 11
프리코네 캬루(여름)44-55 7
로오히 바레타 44-55 8

하자+더파는목록은 아래로
#코스프레장터 https://…",FALSE,0,NA,2022-06-04 08:34:40,FALSE,NA,"1533004296224391174",NA,"<a href=""http://twitter.com/download/iphone"" rel=""nofollow"">Twitter for iPhone</a>","always_breeze",24,TRUE,FALSE,NA,NA
"#눈감고스크롤6번해서아무사진고르고올리기챌린지

..옛날에 프리코네 했을때애.. https://t.co/MCSzhl9grK",FALSE,0,NA,2022-06-04 08:34:00,FALSE,NA,"1533004129198407680",NA,"<a href=""http://twitter.com/download/android"" rel=""nofollow"">Twitter for Android</a>","siha_05_",0,FALSE,FALSE,NA,NA
"오랜만에 프리코네나 다시 해볼까",FALSE,1,NA,2022-06-04 08:25:40,FALSE,NA,"1533002031166013440",NA,"<a href=""https://mobile.twitter.com"" rel=""nofollow"">Twitter Web App</a>","Remyun_",0,FALSE,FALSE,NA,NA
"저거 말고 라이덴 나루메아 그랑블루판타지 버서스 모션 표절이랑 프리코네 지타 더 글로리 복장보고 루미네 짭타령하면서 역으로 뭐라 한게 참 가관이였는데 아무튼 그런 이유로 원신은 극지뢰",FALSE,2,NA,2022-06-04 06:49:14,FALSE,NA,"1532977760930369536",NA,"<a href=""https://mobile.twitter.com"" rel=""nofollow"">Twitter Web App</a>","periwinkleblue0",1,FALSE,FALSE,NA,NA
"@Rutika_pt 프리코네 맞음",FALSE,0,"Rutika_pt",2022-06-04 06:34:33,FALSE,"1532973889952702465","1532974068319760384","282105914","<a href=""http://twitter.com/download/android"" rel=""nofollow"">Twitter for Android</a>","MajinVenus",0,FALSE,FALSE,NA,NA
"Fgo 섭종하고 프리코네마냥 새롭게 리커넥트 하면 좋겠다...^^",FALSE,1,NA,2022-06-04 04:37:17,FALSE,NA,"1532944554164293632",NA,"<a href=""http://twitter.com/download/iphone"" rel=""nofollow"">Twitter for iPhone</a>","Gy4Cs",0,FALSE,FALSE,NA,NA
"프리코네는 (안 함) 잊을만 하면 무료연 캍톡 오더라",FALSE,0,NA,2022-06-04 04:35:09,FALSE,NA,"1532944018992033792",NA,"<a href=""http://twitter.com/download/iphone"" rel=""nofollow"">Twitter for iPhone</a>","Ssal__0",0,FALSE,FALSE,NA,NA
"5. 프리코네
캐릭터 강화화면이 인상적
뉴비지만 여러모로 정말 많이 본 게임ㅠ 🤔 제대로 키운덱 하나도없음
성우 잘하는 연기톤랑 정반대 캐릭터연기가 많아서 보이스 듣는재미있음
지금 다이아 잘퍼줘서 좋은듯",FALSE,0,"Po_chirin",2022-06-04 04:06:27,FALSE,"1532926471467319297","1532936796602269696","1092789417176051717","<a href=""http://twitter.com/download/android"" rel=""nofollow"">Twitter for Android</a>","Po_chirin",0,FALSE,FALSE,NA,NA
"RT @kusi_best010409: #プリンセスコネクトReDive #ペコリーヌ #キャル #コッコロ 
프리코네 미식전 수영복 그렸습니다!

픽시브도 놀러오세요! 
https://t.co/uu1OZEW4W8 https://t.co/NPAp2aXwp9",FALSE,0,NA,2022-06-04 03:59:38,FALSE,NA,"1532935080212975616",NA,"<a href=""https://mobile.twitter.com"" rel=""nofollow"">Twitter Web App</a>","welchsbinn",10,TRUE,FALSE,NA,NA
"나나오 유리코의 이 일러에 나온 표정 보니까
프리코네 콧코로의 oxo 표정이 생각난다
#콧코로 #프리코네 #나나오유리코 #밀리마스 #이토미쿠 #七尾百合子 #コッコロ #伊藤美来 https://t.co/nhmSti7kae",FALSE,5,NA,2022-06-04 03:29:19,FALSE,NA,"1532927451005079553",NA,"<a href=""http://twitter.com/download/android"" rel=""nofollow"">Twitter for Android</a>","ahn3607",0,FALSE,FALSE,NA,NA
"RT @LaPiz_White: 아니 근데 롤상자 던파봉자 메이플큐브 원신가챠 몰루가챠 프리코네가챠 이런거에 몇십 몇백만원씩 쓰고 월정액 꼬박꼬박 넣는놈들이 악곡풀팩(기간제아님) 70만원에(가챠아님) 월정액이 논란이라면서 발작하는글 쓰는건 좀 뭔가 이…",FALSE,0,NA,2022-06-04 02:19:25,FALSE,NA,"1532909858738974720",NA,"<a href=""https://mobile.twitter.com"" rel=""nofollow"">Twitter Web App</a>","SB_3592",3,TRUE,FALSE,NA,NA
"간만에 슈타인즈 게이트 제로까지 3일만에 돌파했는데…

이게 같은 성우라니…
경력에 무이미가 안 보이길래 방금 검색해보니 프리코네 2기까지 나올동안 무이미는 한번도 안 나왔나 보구나…
게임은 프리코네 전작에… https://t.co/iJLo8TuERS",FALSE,2,NA,2022-06-04 00:11:22,TRUE,NA,"1532877635407458304",NA,"<a href=""http://twitter.com/download/iphone"" rel=""nofollow"">Twitter for iPhone</a>","H_MEPI_H",0,FALSE,FALSE,NA,NA
"@motkang 겜 자체는 좀 해보긴 했어요

드래곤 스파인 때까지는 했었는데 돈이 없어서 프리코네랑 저울질 하다가 프리코네로 넘어간건데

요새 프리코네 유지비가 거의 안들어서 다른게임도 건드려볼까아... 하는 중이거든요 ㅎㅎ",FALSE,0,"motkang",2022-06-04 00:00:49,FALSE,"1532867379528867841","1532874978684960768","1130133751692898305","<a href=""http://twitter.com/download/iphone"" rel=""nofollow"">Twitter for iPhone</a>","noina_121",0,FALSE,FALSE,NA,NA
"라스트오리진이 제대로 해외 시장을 노린다면 페그오, 뱅드림, 아이마스 시리즈, 러브라이브 시리즈, 프리코네 , 벽람 , 소녀전선 등등 유명 미소녀 게임 시리즈들이 바짝 긴장해야 할것입니다. #lastorigin #라스트오리진 #ラストオリジン",FALSE,0,NA,2022-06-03 23:00:14,FALSE,NA,"1532859732419317760",NA,"<a href=""http://botwt.kr"" rel=""nofollow"">봇트윗</a>","cutekato00",0,FALSE,FALSE,NA,NA
